"U0030/U0030_00064.png", "Pencil", "Cheng"
"U0030/U0030_00065.png", "Pencil", "Cheng"
"U0030/U0030_00066.png", "Pencil", "Cheng"
"U0030/U0030_00067.png", "Pen", "Cheng"
"U0030/U0030_00068.png", "Pen", "Cheng"
"U0030/U0030_00069.png", "Pen", "Cheng"
"U0030/U0030_00070.png", "GelPen", "Cheng"
"U0030/U0030_00071.png", "GelPen", "Cheng"
"U0030/U0030_00072.png", "GelPen", "Cheng"
"U0030/U0030_00073.png", "Paintbrush", "Cheng"
"U0030/U0030_00074.png", "Paintbrush", "Cheng"
"U0030/U0030_00075.png", "Paintbrush", "Cheng"
"U0030/U0030_00076.png", "Crayon", "Cheng"
"U0030/U0030_00077.png", "Crayon", "Cheng"
"U0030/U0030_00078.png", "Crayon", "Cheng"
"U0030/U0030_00079.png", "Pigment", "Cheng"
"U0030/U0030_00080.png", "Pigment", "Cheng"
"U0030/U0030_00081.png", "Pigment", "Cheng"
"U0030/U0030_00082.png", "WaterColorBrush", "Cheng"
"U0030/U0030_00083.png", "WaterColorBrush", "Cheng"
"U0030/U0030_00084.png", "WaterColorBrush", "Cheng"
"U0031/U0031_00064.png", "Pencil", "Cheng"
"U0031/U0031_00065.png", "Pencil", "Cheng"
"U0031/U0031_00066.png", "Pencil", "Cheng"
"U0031/U0031_00067.png", "Pen", "Cheng"
"U0031/U0031_00068.png", "Pen", "Cheng"
"U0031/U0031_00069.png", "Pen", "Cheng"
"U0031/U0031_00070.png", "GelPen", "Cheng"
"U0031/U0031_00071.png", "GelPen", "Cheng"
"U0031/U0031_00072.png", "GelPen", "Cheng"
"U0031/U0031_00073.png", "Paintbrush", "Cheng"
"U0031/U0031_00074.png", "Paintbrush", "Cheng"
"U0031/U0031_00075.png", "Paintbrush", "Cheng"
"U0031/U0031_00076.png", "Crayon", "Cheng"
"U0031/U0031_00077.png", "Crayon", "Cheng"
"U0031/U0031_00078.png", "Crayon", "Cheng"
"U0031/U0031_00079.png", "Pigment", "Cheng"
"U0031/U0031_00080.png", "Pigment", "Cheng"
"U0031/U0031_00081.png", "Pigment", "Cheng"
"U0031/U0031_00082.png", "WaterColorBrush", "Cheng"
"U0031/U0031_00083.png", "WaterColorBrush", "Cheng"
"U0031/U0031_00084.png", "WaterColorBrush", "Cheng"
"U0032/U0032_00064.png", "Pencil", "Cheng"
"U0032/U0032_00065.png", "Pencil", "Cheng"
"U0032/U0032_00066.png", "Pencil", "Cheng"
"U0032/U0032_00067.png", "Pen", "Cheng"
"U0032/U0032_00068.png", "Pen", "Cheng"
"U0032/U0032_00069.png", "Pen", "Cheng"
"U0032/U0032_00070.png", "GelPen", "Cheng"
"U0032/U0032_00071.png", "GelPen", "Cheng"
"U0032/U0032_00072.png", "GelPen", "Cheng"
"U0032/U0032_00073.png", "Paintbrush", "Cheng"
"U0032/U0032_00074.png", "Paintbrush", "Cheng"
"U0032/U0032_00075.png", "Paintbrush", "Cheng"
"U0032/U0032_00076.png", "Crayon", "Cheng"
"U0032/U0032_00077.png", "Crayon", "Cheng"
"U0032/U0032_00078.png", "Crayon", "Cheng"
"U0032/U0032_00079.png", "Pigment", "Cheng"
"U0032/U0032_00080.png", "Pigment", "Cheng"
"U0032/U0032_00081.png", "Pigment", "Cheng"
"U0032/U0032_00082.png", "WaterColorBrush", "Cheng"
"U0032/U0032_00083.png", "WaterColorBrush", "Cheng"
"U0032/U0032_00084.png", "WaterColorBrush", "Cheng"
"U0033/U0033_00064.png", "Pencil", "Cheng"
"U0033/U0033_00065.png", "Pencil", "Cheng"
"U0033/U0033_00066.png", "Pencil", "Cheng"
"U0033/U0033_00067.png", "Pen", "Cheng"
"U0033/U0033_00068.png", "Pen", "Cheng"
"U0033/U0033_00069.png", "Pen", "Cheng"
"U0033/U0033_00070.png", "GelPen", "Cheng"
"U0033/U0033_00071.png", "GelPen", "Cheng"
"U0033/U0033_00072.png", "GelPen", "Cheng"
"U0033/U0033_00073.png", "Paintbrush", "Cheng"
"U0033/U0033_00074.png", "Paintbrush", "Cheng"
"U0033/U0033_00075.png", "Paintbrush", "Cheng"
"U0033/U0033_00076.png", "Crayon", "Cheng"
"U0033/U0033_00077.png", "Crayon", "Cheng"
"U0033/U0033_00078.png", "Crayon", "Cheng"
"U0033/U0033_00079.png", "Pigment", "Cheng"
"U0033/U0033_00080.png", "Pigment", "Cheng"
"U0033/U0033_00081.png", "Pigment", "Cheng"
"U0033/U0033_00082.png", "WaterColorBrush", "Cheng"
"U0033/U0033_00083.png", "WaterColorBrush", "Cheng"
"U0033/U0033_00084.png", "WaterColorBrush", "Cheng"
"U0034/U0034_00064.png", "Pencil", "Cheng"
"U0034/U0034_00065.png", "Pencil", "Cheng"
"U0034/U0034_00066.png", "Pencil", "Cheng"
"U0034/U0034_00067.png", "Pen", "Cheng"
"U0034/U0034_00068.png", "Pen", "Cheng"
"U0034/U0034_00069.png", "Pen", "Cheng"
"U0034/U0034_00070.png", "GelPen", "Cheng"
"U0034/U0034_00071.png", "GelPen", "Cheng"
"U0034/U0034_00072.png", "GelPen", "Cheng"
"U0034/U0034_00073.png", "Paintbrush", "Cheng"
"U0034/U0034_00074.png", "Paintbrush", "Cheng"
"U0034/U0034_00075.png", "Paintbrush", "Cheng"
"U0034/U0034_00076.png", "Crayon", "Cheng"
"U0034/U0034_00077.png", "Crayon", "Cheng"
"U0034/U0034_00078.png", "Crayon", "Cheng"
"U0034/U0034_00079.png", "Pigment", "Cheng"
"U0034/U0034_00080.png", "Pigment", "Cheng"
"U0034/U0034_00081.png", "Pigment", "Cheng"
"U0034/U0034_00082.png", "WaterColorBrush", "Cheng"
"U0034/U0034_00083.png", "WaterColorBrush", "Cheng"
"U0034/U0034_00084.png", "WaterColorBrush", "Cheng"
"U0035/U0035_00064.png", "Pencil", "Cheng"
"U0035/U0035_00065.png", "Pencil", "Cheng"
"U0035/U0035_00066.png", "Pencil", "Cheng"
"U0035/U0035_00067.png", "Pen", "Cheng"
"U0035/U0035_00068.png", "Pen", "Cheng"
"U0035/U0035_00069.png", "Pen", "Cheng"
"U0035/U0035_00070.png", "GelPen", "Cheng"
"U0035/U0035_00071.png", "GelPen", "Cheng"
"U0035/U0035_00072.png", "GelPen", "Cheng"
"U0035/U0035_00073.png", "Paintbrush", "Cheng"
"U0035/U0035_00074.png", "Paintbrush", "Cheng"
"U0035/U0035_00075.png", "Paintbrush", "Cheng"
"U0035/U0035_00076.png", "Crayon", "Cheng"
"U0035/U0035_00077.png", "Crayon", "Cheng"
"U0035/U0035_00078.png", "Crayon", "Cheng"
"U0035/U0035_00079.png", "Pigment", "Cheng"
"U0035/U0035_00080.png", "Pigment", "Cheng"
"U0035/U0035_00081.png", "Pigment", "Cheng"
"U0035/U0035_00082.png", "WaterColorBrush", "Cheng"
"U0035/U0035_00083.png", "WaterColorBrush", "Cheng"
"U0035/U0035_00084.png", "WaterColorBrush", "Cheng"
"U0036/U0036_00064.png", "Pencil", "Cheng"
"U0036/U0036_00065.png", "Pencil", "Cheng"
"U0036/U0036_00066.png", "Pencil", "Cheng"
"U0036/U0036_00067.png", "Pen", "Cheng"
"U0036/U0036_00068.png", "Pen", "Cheng"
"U0036/U0036_00069.png", "Pen", "Cheng"
"U0036/U0036_00070.png", "GelPen", "Cheng"
"U0036/U0036_00071.png", "GelPen", "Cheng"
"U0036/U0036_00072.png", "GelPen", "Cheng"
"U0036/U0036_00073.png", "Paintbrush", "Cheng"
"U0036/U0036_00074.png", "Paintbrush", "Cheng"
"U0036/U0036_00075.png", "Paintbrush", "Cheng"
"U0036/U0036_00076.png", "Crayon", "Cheng"
"U0036/U0036_00077.png", "Crayon", "Cheng"
"U0036/U0036_00078.png", "Crayon", "Cheng"
"U0036/U0036_00079.png", "Pigment", "Cheng"
"U0036/U0036_00080.png", "Pigment", "Cheng"
"U0036/U0036_00081.png", "Pigment", "Cheng"
"U0036/U0036_00082.png", "WaterColorBrush", "Cheng"
"U0036/U0036_00083.png", "WaterColorBrush", "Cheng"
"U0036/U0036_00084.png", "WaterColorBrush", "Cheng"
"U0037/U0037_00064.png", "Pencil", "Cheng"
"U0037/U0037_00065.png", "Pencil", "Cheng"
"U0037/U0037_00066.png", "Pencil", "Cheng"
"U0037/U0037_00067.png", "Pen", "Cheng"
"U0037/U0037_00068.png", "Pen", "Cheng"
"U0037/U0037_00069.png", "Pen", "Cheng"
"U0037/U0037_00070.png", "GelPen", "Cheng"
"U0037/U0037_00071.png", "GelPen", "Cheng"
"U0037/U0037_00072.png", "GelPen", "Cheng"
"U0037/U0037_00073.png", "Paintbrush", "Cheng"
"U0037/U0037_00074.png", "Paintbrush", "Cheng"
"U0037/U0037_00075.png", "Paintbrush", "Cheng"
"U0037/U0037_00076.png", "Crayon", "Cheng"
"U0037/U0037_00077.png", "Crayon", "Cheng"
"U0037/U0037_00078.png", "Crayon", "Cheng"
"U0037/U0037_00079.png", "Pigment", "Cheng"
"U0037/U0037_00080.png", "Pigment", "Cheng"
"U0037/U0037_00081.png", "Pigment", "Cheng"
"U0037/U0037_00082.png", "WaterColorBrush", "Cheng"
"U0037/U0037_00083.png", "WaterColorBrush", "Cheng"
"U0037/U0037_00084.png", "WaterColorBrush", "Cheng"
"U0038/U0038_00064.png", "Pencil", "Cheng"
"U0038/U0038_00065.png", "Pencil", "Cheng"
"U0038/U0038_00066.png", "Pencil", "Cheng"
"U0038/U0038_00067.png", "Pen", "Cheng"
"U0038/U0038_00068.png", "Pen", "Cheng"
"U0038/U0038_00069.png", "Pen", "Cheng"
"U0038/U0038_00070.png", "GelPen", "Cheng"
"U0038/U0038_00071.png", "GelPen", "Cheng"
"U0038/U0038_00072.png", "GelPen", "Cheng"
"U0038/U0038_00073.png", "Paintbrush", "Cheng"
"U0038/U0038_00074.png", "Paintbrush", "Cheng"
"U0038/U0038_00075.png", "Paintbrush", "Cheng"
"U0038/U0038_00076.png", "Crayon", "Cheng"
"U0038/U0038_00077.png", "Crayon", "Cheng"
"U0038/U0038_00078.png", "Crayon", "Cheng"
"U0038/U0038_00079.png", "Pigment", "Cheng"
"U0038/U0038_00080.png", "Pigment", "Cheng"
"U0038/U0038_00081.png", "Pigment", "Cheng"
"U0038/U0038_00082.png", "WaterColorBrush", "Cheng"
"U0038/U0038_00083.png", "WaterColorBrush", "Cheng"
"U0038/U0038_00084.png", "WaterColorBrush", "Cheng"
"U0039/U0039_00064.png", "Pencil", "Cheng"
"U0039/U0039_00065.png", "Pencil", "Cheng"
"U0039/U0039_00066.png", "Pencil", "Cheng"
"U0039/U0039_00067.png", "Pen", "Cheng"
"U0039/U0039_00068.png", "Pen", "Cheng"
"U0039/U0039_00069.png", "Pen", "Cheng"
"U0039/U0039_00070.png", "GelPen", "Cheng"
"U0039/U0039_00071.png", "GelPen", "Cheng"
"U0039/U0039_00072.png", "GelPen", "Cheng"
"U0039/U0039_00073.png", "Paintbrush", "Cheng"
"U0039/U0039_00074.png", "Paintbrush", "Cheng"
"U0039/U0039_00075.png", "Paintbrush", "Cheng"
"U0039/U0039_00076.png", "Crayon", "Cheng"
"U0039/U0039_00077.png", "Crayon", "Cheng"
"U0039/U0039_00078.png", "Crayon", "Cheng"
"U0039/U0039_00079.png", "Pigment", "Cheng"
"U0039/U0039_00080.png", "Pigment", "Cheng"
"U0039/U0039_00081.png", "Pigment", "Cheng"
"U0039/U0039_00082.png", "WaterColorBrush", "Cheng"
"U0039/U0039_00083.png", "WaterColorBrush", "Cheng"
"U0039/U0039_00084.png", "WaterColorBrush", "Cheng"
