"U0030/U0030_00043.png", "Pencil", "Peng"
"U0030/U0030_00044.png", "Pencil", "Peng"
"U0030/U0030_00045.png", "Pencil", "Peng"
"U0030/U0030_00046.png", "Pen", "Peng"
"U0030/U0030_00047.png", "Pen", "Peng"
"U0030/U0030_00048.png", "Pen", "Peng"
"U0030/U0030_00049.png", "GelPen", "Peng"
"U0030/U0030_00050.png", "GelPen", "Peng"
"U0030/U0030_00051.png", "GelPen", "Peng"
"U0030/U0030_00052.png", "Paintbrush", "Peng"
"U0030/U0030_00053.png", "Paintbrush", "Peng"
"U0030/U0030_00054.png", "Paintbrush", "Peng"
"U0030/U0030_00055.png", "Crayon", "Peng"
"U0030/U0030_00056.png", "Crayon", "Peng"
"U0030/U0030_00057.png", "Crayon", "Peng"
"U0030/U0030_00058.png", "Pigment", "Peng"
"U0030/U0030_00059.png", "Pigment", "Peng"
"U0030/U0030_00060.png", "Pigment", "Peng"
"U0030/U0030_00061.png", "WaterColorBrush", "Peng"
"U0030/U0030_00062.png", "WaterColorBrush", "Peng"
"U0030/U0030_00063.png", "WaterColorBrush", "Peng"
"U0031/U0031_00043.png", "Pencil", "Peng"
"U0031/U0031_00044.png", "Pencil", "Peng"
"U0031/U0031_00045.png", "Pencil", "Peng"
"U0031/U0031_00046.png", "Pen", "Peng"
"U0031/U0031_00047.png", "Pen", "Peng"
"U0031/U0031_00048.png", "Pen", "Peng"
"U0031/U0031_00049.png", "GelPen", "Peng"
"U0031/U0031_00050.png", "GelPen", "Peng"
"U0031/U0031_00051.png", "GelPen", "Peng"
"U0031/U0031_00052.png", "Paintbrush", "Peng"
"U0031/U0031_00053.png", "Paintbrush", "Peng"
"U0031/U0031_00054.png", "Paintbrush", "Peng"
"U0031/U0031_00055.png", "Crayon", "Peng"
"U0031/U0031_00056.png", "Crayon", "Peng"
"U0031/U0031_00057.png", "Crayon", "Peng"
"U0031/U0031_00058.png", "Pigment", "Peng"
"U0031/U0031_00059.png", "Pigment", "Peng"
"U0031/U0031_00060.png", "Pigment", "Peng"
"U0031/U0031_00061.png", "WaterColorBrush", "Peng"
"U0031/U0031_00062.png", "WaterColorBrush", "Peng"
"U0031/U0031_00063.png", "WaterColorBrush", "Peng"
"U0032/U0032_00043.png", "Pencil", "Peng"
"U0032/U0032_00044.png", "Pencil", "Peng"
"U0032/U0032_00045.png", "Pencil", "Peng"
"U0032/U0032_00046.png", "Pen", "Peng"
"U0032/U0032_00047.png", "Pen", "Peng"
"U0032/U0032_00048.png", "Pen", "Peng"
"U0032/U0032_00049.png", "GelPen", "Peng"
"U0032/U0032_00050.png", "GelPen", "Peng"
"U0032/U0032_00051.png", "GelPen", "Peng"
"U0032/U0032_00052.png", "Paintbrush", "Peng"
"U0032/U0032_00053.png", "Paintbrush", "Peng"
"U0032/U0032_00054.png", "Paintbrush", "Peng"
"U0032/U0032_00055.png", "Crayon", "Peng"
"U0032/U0032_00056.png", "Crayon", "Peng"
"U0032/U0032_00057.png", "Crayon", "Peng"
"U0032/U0032_00058.png", "Pigment", "Peng"
"U0032/U0032_00059.png", "Pigment", "Peng"
"U0032/U0032_00060.png", "Pigment", "Peng"
"U0032/U0032_00061.png", "WaterColorBrush", "Peng"
"U0032/U0032_00062.png", "WaterColorBrush", "Peng"
"U0032/U0032_00063.png", "WaterColorBrush", "Peng"
"U0033/U0033_00043.png", "Pencil", "Peng"
"U0033/U0033_00044.png", "Pencil", "Peng"
"U0033/U0033_00045.png", "Pencil", "Peng"
"U0033/U0033_00046.png", "Pen", "Peng"
"U0033/U0033_00047.png", "Pen", "Peng"
"U0033/U0033_00048.png", "Pen", "Peng"
"U0033/U0033_00049.png", "GelPen", "Peng"
"U0033/U0033_00050.png", "GelPen", "Peng"
"U0033/U0033_00051.png", "GelPen", "Peng"
"U0033/U0033_00052.png", "Paintbrush", "Peng"
"U0033/U0033_00053.png", "Paintbrush", "Peng"
"U0033/U0033_00054.png", "Paintbrush", "Peng"
"U0033/U0033_00055.png", "Crayon", "Peng"
"U0033/U0033_00056.png", "Crayon", "Peng"
"U0033/U0033_00057.png", "Crayon", "Peng"
"U0033/U0033_00058.png", "Pigment", "Peng"
"U0033/U0033_00059.png", "Pigment", "Peng"
"U0033/U0033_00060.png", "Pigment", "Peng"
"U0033/U0033_00061.png", "WaterColorBrush", "Peng"
"U0033/U0033_00062.png", "WaterColorBrush", "Peng"
"U0033/U0033_00063.png", "WaterColorBrush", "Peng"
"U0034/U0034_00043.png", "Pencil", "Peng"
"U0034/U0034_00044.png", "Pencil", "Peng"
"U0034/U0034_00045.png", "Pencil", "Peng"
"U0034/U0034_00046.png", "Pen", "Peng"
"U0034/U0034_00047.png", "Pen", "Peng"
"U0034/U0034_00048.png", "Pen", "Peng"
"U0034/U0034_00049.png", "GelPen", "Peng"
"U0034/U0034_00050.png", "GelPen", "Peng"
"U0034/U0034_00051.png", "GelPen", "Peng"
"U0034/U0034_00052.png", "Paintbrush", "Peng"
"U0034/U0034_00053.png", "Paintbrush", "Peng"
"U0034/U0034_00054.png", "Paintbrush", "Peng"
"U0034/U0034_00055.png", "Crayon", "Peng"
"U0034/U0034_00056.png", "Crayon", "Peng"
"U0034/U0034_00057.png", "Crayon", "Peng"
"U0034/U0034_00058.png", "Pigment", "Peng"
"U0034/U0034_00059.png", "Pigment", "Peng"
"U0034/U0034_00060.png", "Pigment", "Peng"
"U0034/U0034_00061.png", "WaterColorBrush", "Peng"
"U0034/U0034_00062.png", "WaterColorBrush", "Peng"
"U0034/U0034_00063.png", "WaterColorBrush", "Peng"
"U0035/U0035_00043.png", "Pencil", "Peng"
"U0035/U0035_00044.png", "Pencil", "Peng"
"U0035/U0035_00045.png", "Pencil", "Peng"
"U0035/U0035_00046.png", "Pen", "Peng"
"U0035/U0035_00047.png", "Pen", "Peng"
"U0035/U0035_00048.png", "Pen", "Peng"
"U0035/U0035_00049.png", "GelPen", "Peng"
"U0035/U0035_00050.png", "GelPen", "Peng"
"U0035/U0035_00051.png", "GelPen", "Peng"
"U0035/U0035_00052.png", "Paintbrush", "Peng"
"U0035/U0035_00053.png", "Paintbrush", "Peng"
"U0035/U0035_00054.png", "Paintbrush", "Peng"
"U0035/U0035_00055.png", "Crayon", "Peng"
"U0035/U0035_00056.png", "Crayon", "Peng"
"U0035/U0035_00057.png", "Crayon", "Peng"
"U0035/U0035_00058.png", "Pigment", "Peng"
"U0035/U0035_00059.png", "Pigment", "Peng"
"U0035/U0035_00060.png", "Pigment", "Peng"
"U0035/U0035_00061.png", "WaterColorBrush", "Peng"
"U0035/U0035_00062.png", "WaterColorBrush", "Peng"
"U0035/U0035_00063.png", "WaterColorBrush", "Peng"
"U0036/U0036_00043.png", "Pencil", "Peng"
"U0036/U0036_00044.png", "Pencil", "Peng"
"U0036/U0036_00045.png", "Pencil", "Peng"
"U0036/U0036_00046.png", "Pen", "Peng"
"U0036/U0036_00047.png", "Pen", "Peng"
"U0036/U0036_00048.png", "Pen", "Peng"
"U0036/U0036_00049.png", "GelPen", "Peng"
"U0036/U0036_00050.png", "GelPen", "Peng"
"U0036/U0036_00051.png", "GelPen", "Peng"
"U0036/U0036_00052.png", "Paintbrush", "Peng"
"U0036/U0036_00053.png", "Paintbrush", "Peng"
"U0036/U0036_00054.png", "Paintbrush", "Peng"
"U0036/U0036_00055.png", "Crayon", "Peng"
"U0036/U0036_00056.png", "Crayon", "Peng"
"U0036/U0036_00057.png", "Crayon", "Peng"
"U0036/U0036_00058.png", "Pigment", "Peng"
"U0036/U0036_00059.png", "Pigment", "Peng"
"U0036/U0036_00060.png", "Pigment", "Peng"
"U0036/U0036_00061.png", "WaterColorBrush", "Peng"
"U0036/U0036_00062.png", "WaterColorBrush", "Peng"
"U0036/U0036_00063.png", "WaterColorBrush", "Peng"
"U0037/U0037_00043.png", "Pencil", "Peng"
"U0037/U0037_00044.png", "Pencil", "Peng"
"U0037/U0037_00045.png", "Pencil", "Peng"
"U0037/U0037_00046.png", "Pen", "Peng"
"U0037/U0037_00047.png", "Pen", "Peng"
"U0037/U0037_00048.png", "Pen", "Peng"
"U0037/U0037_00049.png", "GelPen", "Peng"
"U0037/U0037_00050.png", "GelPen", "Peng"
"U0037/U0037_00051.png", "GelPen", "Peng"
"U0037/U0037_00052.png", "Paintbrush", "Peng"
"U0037/U0037_00053.png", "Paintbrush", "Peng"
"U0037/U0037_00054.png", "Paintbrush", "Peng"
"U0037/U0037_00055.png", "Crayon", "Peng"
"U0037/U0037_00056.png", "Crayon", "Peng"
"U0037/U0037_00057.png", "Crayon", "Peng"
"U0037/U0037_00058.png", "Pigment", "Peng"
"U0037/U0037_00059.png", "Pigment", "Peng"
"U0037/U0037_00060.png", "Pigment", "Peng"
"U0037/U0037_00061.png", "WaterColorBrush", "Peng"
"U0037/U0037_00062.png", "WaterColorBrush", "Peng"
"U0037/U0037_00063.png", "WaterColorBrush", "Peng"
"U0038/U0038_00043.png", "Pencil", "Peng"
"U0038/U0038_00044.png", "Pencil", "Peng"
"U0038/U0038_00045.png", "Pencil", "Peng"
"U0038/U0038_00046.png", "Pen", "Peng"
"U0038/U0038_00047.png", "Pen", "Peng"
"U0038/U0038_00048.png", "Pen", "Peng"
"U0038/U0038_00049.png", "GelPen", "Peng"
"U0038/U0038_00050.png", "GelPen", "Peng"
"U0038/U0038_00051.png", "GelPen", "Peng"
"U0038/U0038_00052.png", "Paintbrush", "Peng"
"U0038/U0038_00053.png", "Paintbrush", "Peng"
"U0038/U0038_00054.png", "Paintbrush", "Peng"
"U0038/U0038_00055.png", "Crayon", "Peng"
"U0038/U0038_00056.png", "Crayon", "Peng"
"U0038/U0038_00057.png", "Crayon", "Peng"
"U0038/U0038_00058.png", "Pigment", "Peng"
"U0038/U0038_00059.png", "Pigment", "Peng"
"U0038/U0038_00060.png", "Pigment", "Peng"
"U0038/U0038_00061.png", "WaterColorBrush", "Peng"
"U0038/U0038_00062.png", "WaterColorBrush", "Peng"
"U0038/U0038_00063.png", "WaterColorBrush", "Peng"
"U0039/U0039_00043.png", "Pencil", "Peng"
"U0039/U0039_00044.png", "Pencil", "Peng"
"U0039/U0039_00045.png", "Pencil", "Peng"
"U0039/U0039_00046.png", "Pen", "Peng"
"U0039/U0039_00047.png", "Pen", "Peng"
"U0039/U0039_00048.png", "Pen", "Peng"
"U0039/U0039_00049.png", "GelPen", "Peng"
"U0039/U0039_00050.png", "GelPen", "Peng"
"U0039/U0039_00051.png", "GelPen", "Peng"
"U0039/U0039_00052.png", "Paintbrush", "Peng"
"U0039/U0039_00053.png", "Paintbrush", "Peng"
"U0039/U0039_00054.png", "Paintbrush", "Peng"
"U0039/U0039_00055.png", "Crayon", "Peng"
"U0039/U0039_00056.png", "Crayon", "Peng"
"U0039/U0039_00057.png", "Crayon", "Peng"
"U0039/U0039_00058.png", "Pigment", "Peng"
"U0039/U0039_00059.png", "Pigment", "Peng"
"U0039/U0039_00060.png", "Pigment", "Peng"
"U0039/U0039_00061.png", "WaterColorBrush", "Peng"
"U0039/U0039_00062.png", "WaterColorBrush", "Peng"
"U0039/U0039_00063.png", "WaterColorBrush", "Peng"
