FileName, PenName, Writer
"U0030/U0030_00001.png", "Pencil", "Shen"
"U0030/U0030_00002.png", "Pencil", "Shen"
"U0030/U0030_00003.png", "Pencil", "Shen"
"U0030/U0030_00004.png", "Pen", "Shen"
"U0030/U0030_00005.png", "Pen", "Shen"
"U0030/U0030_00006.png", "Pen", "Shen"
"U0030/U0030_00007.png", "GelPen", "Shen"
"U0030/U0030_00008.png", "GelPen", "Shen"
"U0030/U0030_00009.png", "GelPen", "Shen"
"U0030/U0030_00010.png", "Paintbrush", "Shen"
"U0030/U0030_00011.png", "Paintbrush", "Shen"
"U0030/U0030_00012.png", "Paintbrush", "Shen"
"U0030/U0030_00013.png", "Crayon", "Shen"
"U0030/U0030_00014.png", "Crayon", "Shen"
"U0030/U0030_00015.png", "Crayon", "Shen"
"U0030/U0030_00016.png", "Pigment", "Shen"
"U0030/U0030_00017.png", "Pigment", "Shen"
"U0030/U0030_00018.png", "Pigment", "Shen"
"U0030/U0030_00019.png", "WaterColorBrush", "Shen"
"U0030/U0030_00020.png", "WaterColorBrush", "Shen"
"U0030/U0030_00021.png", "WaterColorBrush", "Shen"
"U0031/U0031_00001.png", "Pencil", "Shen"
"U0031/U0031_00002.png", "Pencil", "Shen"
"U0031/U0031_00003.png", "Pencil", "Shen"
"U0031/U0031_00004.png", "Pen", "Shen"
"U0031/U0031_00005.png", "Pen", "Shen"
"U0031/U0031_00006.png", "Pen", "Shen"
"U0031/U0031_00007.png", "GelPen", "Shen"
"U0031/U0031_00008.png", "GelPen", "Shen"
"U0031/U0031_00009.png", "GelPen", "Shen"
"U0031/U0031_00010.png", "Paintbrush", "Shen"
"U0031/U0031_00011.png", "Paintbrush", "Shen"
"U0031/U0031_00012.png", "Paintbrush", "Shen"
"U0031/U0031_00013.png", "Crayon", "Shen"
"U0031/U0031_00014.png", "Crayon", "Shen"
"U0031/U0031_00015.png", "Crayon", "Shen"
"U0031/U0031_00016.png", "Pigment", "Shen"
"U0031/U0031_00017.png", "Pigment", "Shen"
"U0031/U0031_00018.png", "Pigment", "Shen"
"U0031/U0031_00019.png", "WaterColorBrush", "Shen"
"U0031/U0031_00020.png", "WaterColorBrush", "Shen"
"U0031/U0031_00021.png", "WaterColorBrush", "Shen"
"U0032/U0032_00001.png", "Pencil", "Shen"
"U0032/U0032_00002.png", "Pencil", "Shen"
"U0032/U0032_00003.png", "Pencil", "Shen"
"U0032/U0032_00004.png", "Pen", "Shen"
"U0032/U0032_00005.png", "Pen", "Shen"
"U0032/U0032_00006.png", "Pen", "Shen"
"U0032/U0032_00007.png", "GelPen", "Shen"
"U0032/U0032_00008.png", "GelPen", "Shen"
"U0032/U0032_00009.png", "GelPen", "Shen"
"U0032/U0032_00010.png", "Paintbrush", "Shen"
"U0032/U0032_00011.png", "Paintbrush", "Shen"
"U0032/U0032_00012.png", "Paintbrush", "Shen"
"U0032/U0032_00013.png", "Crayon", "Shen"
"U0032/U0032_00014.png", "Crayon", "Shen"
"U0032/U0032_00015.png", "Crayon", "Shen"
"U0032/U0032_00016.png", "Pigment", "Shen"
"U0032/U0032_00017.png", "Pigment", "Shen"
"U0032/U0032_00018.png", "Pigment", "Shen"
"U0032/U0032_00019.png", "WaterColorBrush", "Shen"
"U0032/U0032_00020.png", "WaterColorBrush", "Shen"
"U0032/U0032_00021.png", "WaterColorBrush", "Shen"
"U0033/U0033_00001.png", "Pencil", "Shen"
"U0033/U0033_00002.png", "Pencil", "Shen"
"U0033/U0033_00003.png", "Pencil", "Shen"
"U0033/U0033_00004.png", "Pen", "Shen"
"U0033/U0033_00005.png", "Pen", "Shen"
"U0033/U0033_00006.png", "Pen", "Shen"
"U0033/U0033_00007.png", "GelPen", "Shen"
"U0033/U0033_00008.png", "GelPen", "Shen"
"U0033/U0033_00009.png", "GelPen", "Shen"
"U0033/U0033_00010.png", "Paintbrush", "Shen"
"U0033/U0033_00011.png", "Paintbrush", "Shen"
"U0033/U0033_00012.png", "Paintbrush", "Shen"
"U0033/U0033_00013.png", "Crayon", "Shen"
"U0033/U0033_00014.png", "Crayon", "Shen"
"U0033/U0033_00015.png", "Crayon", "Shen"
"U0033/U0033_00016.png", "Pigment", "Shen"
"U0033/U0033_00017.png", "Pigment", "Shen"
"U0033/U0033_00018.png", "Pigment", "Shen"
"U0033/U0033_00019.png", "WaterColorBrush", "Shen"
"U0033/U0033_00020.png", "WaterColorBrush", "Shen"
"U0033/U0033_00021.png", "WaterColorBrush", "Shen"
"U0034/U0034_00001.png", "Pencil", "Shen"
"U0034/U0034_00002.png", "Pencil", "Shen"
"U0034/U0034_00003.png", "Pencil", "Shen"
"U0034/U0034_00004.png", "Pen", "Shen"
"U0034/U0034_00005.png", "Pen", "Shen"
"U0034/U0034_00006.png", "Pen", "Shen"
"U0034/U0034_00007.png", "GelPen", "Shen"
"U0034/U0034_00008.png", "GelPen", "Shen"
"U0034/U0034_00009.png", "GelPen", "Shen"
"U0034/U0034_00010.png", "Paintbrush", "Shen"
"U0034/U0034_00011.png", "Paintbrush", "Shen"
"U0034/U0034_00012.png", "Paintbrush", "Shen"
"U0034/U0034_00013.png", "Crayon", "Shen"
"U0034/U0034_00014.png", "Crayon", "Shen"
"U0034/U0034_00015.png", "Crayon", "Shen"
"U0034/U0034_00016.png", "Pigment", "Shen"
"U0034/U0034_00017.png", "Pigment", "Shen"
"U0034/U0034_00018.png", "Pigment", "Shen"
"U0034/U0034_00019.png", "WaterColorBrush", "Shen"
"U0034/U0034_00020.png", "WaterColorBrush", "Shen"
"U0034/U0034_00021.png", "WaterColorBrush", "Shen"
"U0035/U0035_00001.png", "Pencil", "Shen"
"U0035/U0035_00002.png", "Pencil", "Shen"
"U0035/U0035_00003.png", "Pencil", "Shen"
"U0035/U0035_00004.png", "Pen", "Shen"
"U0035/U0035_00005.png", "Pen", "Shen"
"U0035/U0035_00006.png", "Pen", "Shen"
"U0035/U0035_00007.png", "GelPen", "Shen"
"U0035/U0035_00008.png", "GelPen", "Shen"
"U0035/U0035_00009.png", "GelPen", "Shen"
"U0035/U0035_00010.png", "Paintbrush", "Shen"
"U0035/U0035_00011.png", "Paintbrush", "Shen"
"U0035/U0035_00012.png", "Paintbrush", "Shen"
"U0035/U0035_00013.png", "Crayon", "Shen"
"U0035/U0035_00014.png", "Crayon", "Shen"
"U0035/U0035_00015.png", "Crayon", "Shen"
"U0035/U0035_00016.png", "Pigment", "Shen"
"U0035/U0035_00017.png", "Pigment", "Shen"
"U0035/U0035_00018.png", "Pigment", "Shen"
"U0035/U0035_00019.png", "WaterColorBrush", "Shen"
"U0035/U0035_00020.png", "WaterColorBrush", "Shen"
"U0035/U0035_00021.png", "WaterColorBrush", "Shen"
"U0036/U0036_00001.png", "Pencil", "Shen"
"U0036/U0036_00002.png", "Pencil", "Shen"
"U0036/U0036_00003.png", "Pencil", "Shen"
"U0036/U0036_00004.png", "Pen", "Shen"
"U0036/U0036_00005.png", "Pen", "Shen"
"U0036/U0036_00006.png", "Pen", "Shen"
"U0036/U0036_00007.png", "GelPen", "Shen"
"U0036/U0036_00008.png", "GelPen", "Shen"
"U0036/U0036_00009.png", "GelPen", "Shen"
"U0036/U0036_00010.png", "Paintbrush", "Shen"
"U0036/U0036_00011.png", "Paintbrush", "Shen"
"U0036/U0036_00012.png", "Paintbrush", "Shen"
"U0036/U0036_00013.png", "Crayon", "Shen"
"U0036/U0036_00014.png", "Crayon", "Shen"
"U0036/U0036_00015.png", "Crayon", "Shen"
"U0036/U0036_00016.png", "Pigment", "Shen"
"U0036/U0036_00017.png", "Pigment", "Shen"
"U0036/U0036_00018.png", "Pigment", "Shen"
"U0036/U0036_00019.png", "WaterColorBrush", "Shen"
"U0036/U0036_00020.png", "WaterColorBrush", "Shen"
"U0036/U0036_00021.png", "WaterColorBrush", "Shen"
"U0037/U0037_00001.png", "Pencil", "Shen"
"U0037/U0037_00002.png", "Pencil", "Shen"
"U0037/U0037_00003.png", "Pencil", "Shen"
"U0037/U0037_00004.png", "Pen", "Shen"
"U0037/U0037_00005.png", "Pen", "Shen"
"U0037/U0037_00006.png", "Pen", "Shen"
"U0037/U0037_00007.png", "GelPen", "Shen"
"U0037/U0037_00008.png", "GelPen", "Shen"
"U0037/U0037_00009.png", "GelPen", "Shen"
"U0037/U0037_00010.png", "Paintbrush", "Shen"
"U0037/U0037_00011.png", "Paintbrush", "Shen"
"U0037/U0037_00012.png", "Paintbrush", "Shen"
"U0037/U0037_00013.png", "Crayon", "Shen"
"U0037/U0037_00014.png", "Crayon", "Shen"
"U0037/U0037_00015.png", "Crayon", "Shen"
"U0037/U0037_00016.png", "Pigment", "Shen"
"U0037/U0037_00017.png", "Pigment", "Shen"
"U0037/U0037_00018.png", "Pigment", "Shen"
"U0037/U0037_00019.png", "WaterColorBrush", "Shen"
"U0037/U0037_00020.png", "WaterColorBrush", "Shen"
"U0037/U0037_00021.png", "WaterColorBrush", "Shen"
"U0038/U0038_00001.png", "Pencil", "Shen"
"U0038/U0038_00002.png", "Pencil", "Shen"
"U0038/U0038_00003.png", "Pencil", "Shen"
"U0038/U0038_00004.png", "Pen", "Shen"
"U0038/U0038_00005.png", "Pen", "Shen"
"U0038/U0038_00006.png", "Pen", "Shen"
"U0038/U0038_00007.png", "GelPen", "Shen"
"U0038/U0038_00008.png", "GelPen", "Shen"
"U0038/U0038_00009.png", "GelPen", "Shen"
"U0038/U0038_00010.png", "Paintbrush", "Shen"
"U0038/U0038_00011.png", "Paintbrush", "Shen"
"U0038/U0038_00012.png", "Paintbrush", "Shen"
"U0038/U0038_00013.png", "Crayon", "Shen"
"U0038/U0038_00014.png", "Crayon", "Shen"
"U0038/U0038_00015.png", "Crayon", "Shen"
"U0038/U0038_00016.png", "Pigment", "Shen"
"U0038/U0038_00017.png", "Pigment", "Shen"
"U0038/U0038_00018.png", "Pigment", "Shen"
"U0038/U0038_00019.png", "WaterColorBrush", "Shen"
"U0038/U0038_00020.png", "WaterColorBrush", "Shen"
"U0038/U0038_00021.png", "WaterColorBrush", "Shen"
"U0039/U0039_00001.png", "Pencil", "Shen"
"U0039/U0039_00002.png", "Pencil", "Shen"
"U0039/U0039_00003.png", "Pencil", "Shen"
"U0039/U0039_00004.png", "Pen", "Shen"
"U0039/U0039_00005.png", "Pen", "Shen"
"U0039/U0039_00006.png", "Pen", "Shen"
"U0039/U0039_00007.png", "GelPen", "Shen"
"U0039/U0039_00008.png", "GelPen", "Shen"
"U0039/U0039_00009.png", "GelPen", "Shen"
"U0039/U0039_00010.png", "Paintbrush", "Shen"
"U0039/U0039_00011.png", "Paintbrush", "Shen"
"U0039/U0039_00012.png", "Paintbrush", "Shen"
"U0039/U0039_00013.png", "Crayon", "Shen"
"U0039/U0039_00014.png", "Crayon", "Shen"
"U0039/U0039_00015.png", "Crayon", "Shen"
"U0039/U0039_00016.png", "Pigment", "Shen"
"U0039/U0039_00017.png", "Pigment", "Shen"
"U0039/U0039_00018.png", "Pigment", "Shen"
"U0039/U0039_00019.png", "WaterColorBrush", "Shen"
"U0039/U0039_00020.png", "WaterColorBrush", "Shen"
"U0039/U0039_00021.png", "WaterColorBrush", "Shen"
