"U0030/U0030_00022.png", "Pencil", "Wang"
"U0030/U0030_00023.png", "Pencil", "Wang"
"U0030/U0030_00024.png", "Pencil", "Wang"
"U0030/U0030_00025.png", "Pen", "Wang"
"U0030/U0030_00026.png", "Pen", "Wang"
"U0030/U0030_00027.png", "Pen", "Wang"
"U0030/U0030_00028.png", "GelPen", "Wang"
"U0030/U0030_00029.png", "GelPen", "Wang"
"U0030/U0030_00030.png", "GelPen", "Wang"
"U0030/U0030_00031.png", "Paintbrush", "Wang"
"U0030/U0030_00032.png", "Paintbrush", "Wang"
"U0030/U0030_00033.png", "Paintbrush", "Wang"
"U0030/U0030_00034.png", "Crayon", "Wang"
"U0030/U0030_00035.png", "Crayon", "Wang"
"U0030/U0030_00036.png", "Crayon", "Wang"
"U0030/U0030_00037.png", "Pigment", "Wang"
"U0030/U0030_00038.png", "Pigment", "Wang"
"U0030/U0030_00039.png", "Pigment", "Wang"
"U0030/U0030_00040.png", "WaterColorBrush", "Wang"
"U0030/U0030_00041.png", "WaterColorBrush", "Wang"
"U0030/U0030_00042.png", "WaterColorBrush", "Wang"
"U0031/U0031_00022.png", "Pencil", "Wang"
"U0031/U0031_00023.png", "Pencil", "Wang"
"U0031/U0031_00024.png", "Pencil", "Wang"
"U0031/U0031_00025.png", "Pen", "Wang"
"U0031/U0031_00026.png", "Pen", "Wang"
"U0031/U0031_00027.png", "Pen", "Wang"
"U0031/U0031_00028.png", "GelPen", "Wang"
"U0031/U0031_00029.png", "GelPen", "Wang"
"U0031/U0031_00030.png", "GelPen", "Wang"
"U0031/U0031_00031.png", "Paintbrush", "Wang"
"U0031/U0031_00032.png", "Paintbrush", "Wang"
"U0031/U0031_00033.png", "Paintbrush", "Wang"
"U0031/U0031_00034.png", "Crayon", "Wang"
"U0031/U0031_00035.png", "Crayon", "Wang"
"U0031/U0031_00036.png", "Crayon", "Wang"
"U0031/U0031_00037.png", "Pigment", "Wang"
"U0031/U0031_00038.png", "Pigment", "Wang"
"U0031/U0031_00039.png", "Pigment", "Wang"
"U0031/U0031_00040.png", "WaterColorBrush", "Wang"
"U0031/U0031_00041.png", "WaterColorBrush", "Wang"
"U0031/U0031_00042.png", "WaterColorBrush", "Wang"
"U0032/U0032_00022.png", "Pencil", "Wang"
"U0032/U0032_00023.png", "Pencil", "Wang"
"U0032/U0032_00024.png", "Pencil", "Wang"
"U0032/U0032_00025.png", "Pen", "Wang"
"U0032/U0032_00026.png", "Pen", "Wang"
"U0032/U0032_00027.png", "Pen", "Wang"
"U0032/U0032_00028.png", "GelPen", "Wang"
"U0032/U0032_00029.png", "GelPen", "Wang"
"U0032/U0032_00030.png", "GelPen", "Wang"
"U0032/U0032_00031.png", "Paintbrush", "Wang"
"U0032/U0032_00032.png", "Paintbrush", "Wang"
"U0032/U0032_00033.png", "Paintbrush", "Wang"
"U0032/U0032_00034.png", "Crayon", "Wang"
"U0032/U0032_00035.png", "Crayon", "Wang"
"U0032/U0032_00036.png", "Crayon", "Wang"
"U0032/U0032_00037.png", "Pigment", "Wang"
"U0032/U0032_00038.png", "Pigment", "Wang"
"U0032/U0032_00039.png", "Pigment", "Wang"
"U0032/U0032_00040.png", "WaterColorBrush", "Wang"
"U0032/U0032_00041.png", "WaterColorBrush", "Wang"
"U0032/U0032_00042.png", "WaterColorBrush", "Wang"
"U0033/U0033_00022.png", "Pencil", "Wang"
"U0033/U0033_00023.png", "Pencil", "Wang"
"U0033/U0033_00024.png", "Pencil", "Wang"
"U0033/U0033_00025.png", "Pen", "Wang"
"U0033/U0033_00026.png", "Pen", "Wang"
"U0033/U0033_00027.png", "Pen", "Wang"
"U0033/U0033_00028.png", "GelPen", "Wang"
"U0033/U0033_00029.png", "GelPen", "Wang"
"U0033/U0033_00030.png", "GelPen", "Wang"
"U0033/U0033_00031.png", "Paintbrush", "Wang"
"U0033/U0033_00032.png", "Paintbrush", "Wang"
"U0033/U0033_00033.png", "Paintbrush", "Wang"
"U0033/U0033_00034.png", "Crayon", "Wang"
"U0033/U0033_00035.png", "Crayon", "Wang"
"U0033/U0033_00036.png", "Crayon", "Wang"
"U0033/U0033_00037.png", "Pigment", "Wang"
"U0033/U0033_00038.png", "Pigment", "Wang"
"U0033/U0033_00039.png", "Pigment", "Wang"
"U0033/U0033_00040.png", "WaterColorBrush", "Wang"
"U0033/U0033_00041.png", "WaterColorBrush", "Wang"
"U0033/U0033_00042.png", "WaterColorBrush", "Wang"
"U0034/U0034_00022.png", "Pencil", "Wang"
"U0034/U0034_00023.png", "Pencil", "Wang"
"U0034/U0034_00024.png", "Pencil", "Wang"
"U0034/U0034_00025.png", "Pen", "Wang"
"U0034/U0034_00026.png", "Pen", "Wang"
"U0034/U0034_00027.png", "Pen", "Wang"
"U0034/U0034_00028.png", "GelPen", "Wang"
"U0034/U0034_00029.png", "GelPen", "Wang"
"U0034/U0034_00030.png", "GelPen", "Wang"
"U0034/U0034_00031.png", "Paintbrush", "Wang"
"U0034/U0034_00032.png", "Paintbrush", "Wang"
"U0034/U0034_00033.png", "Paintbrush", "Wang"
"U0034/U0034_00034.png", "Crayon", "Wang"
"U0034/U0034_00035.png", "Crayon", "Wang"
"U0034/U0034_00036.png", "Crayon", "Wang"
"U0034/U0034_00037.png", "Pigment", "Wang"
"U0034/U0034_00038.png", "Pigment", "Wang"
"U0034/U0034_00039.png", "Pigment", "Wang"
"U0034/U0034_00040.png", "WaterColorBrush", "Wang"
"U0034/U0034_00041.png", "WaterColorBrush", "Wang"
"U0034/U0034_00042.png", "WaterColorBrush", "Wang"
"U0035/U0035_00022.png", "Pencil", "Wang"
"U0035/U0035_00023.png", "Pencil", "Wang"
"U0035/U0035_00024.png", "Pencil", "Wang"
"U0035/U0035_00025.png", "Pen", "Wang"
"U0035/U0035_00026.png", "Pen", "Wang"
"U0035/U0035_00027.png", "Pen", "Wang"
"U0035/U0035_00028.png", "GelPen", "Wang"
"U0035/U0035_00029.png", "GelPen", "Wang"
"U0035/U0035_00030.png", "GelPen", "Wang"
"U0035/U0035_00031.png", "Paintbrush", "Wang"
"U0035/U0035_00032.png", "Paintbrush", "Wang"
"U0035/U0035_00033.png", "Paintbrush", "Wang"
"U0035/U0035_00034.png", "Crayon", "Wang"
"U0035/U0035_00035.png", "Crayon", "Wang"
"U0035/U0035_00036.png", "Crayon", "Wang"
"U0035/U0035_00037.png", "Pigment", "Wang"
"U0035/U0035_00038.png", "Pigment", "Wang"
"U0035/U0035_00039.png", "Pigment", "Wang"
"U0035/U0035_00040.png", "WaterColorBrush", "Wang"
"U0035/U0035_00041.png", "WaterColorBrush", "Wang"
"U0035/U0035_00042.png", "WaterColorBrush", "Wang"
"U0036/U0036_00022.png", "Pencil", "Wang"
"U0036/U0036_00023.png", "Pencil", "Wang"
"U0036/U0036_00024.png", "Pencil", "Wang"
"U0036/U0036_00025.png", "Pen", "Wang"
"U0036/U0036_00026.png", "Pen", "Wang"
"U0036/U0036_00027.png", "Pen", "Wang"
"U0036/U0036_00028.png", "GelPen", "Wang"
"U0036/U0036_00029.png", "GelPen", "Wang"
"U0036/U0036_00030.png", "GelPen", "Wang"
"U0036/U0036_00031.png", "Paintbrush", "Wang"
"U0036/U0036_00032.png", "Paintbrush", "Wang"
"U0036/U0036_00033.png", "Paintbrush", "Wang"
"U0036/U0036_00034.png", "Crayon", "Wang"
"U0036/U0036_00035.png", "Crayon", "Wang"
"U0036/U0036_00036.png", "Crayon", "Wang"
"U0036/U0036_00037.png", "Pigment", "Wang"
"U0036/U0036_00038.png", "Pigment", "Wang"
"U0036/U0036_00039.png", "Pigment", "Wang"
"U0036/U0036_00040.png", "WaterColorBrush", "Wang"
"U0036/U0036_00041.png", "WaterColorBrush", "Wang"
"U0036/U0036_00042.png", "WaterColorBrush", "Wang"
"U0037/U0037_00022.png", "Pencil", "Wang"
"U0037/U0037_00023.png", "Pencil", "Wang"
"U0037/U0037_00024.png", "Pencil", "Wang"
"U0037/U0037_00025.png", "Pen", "Wang"
"U0037/U0037_00026.png", "Pen", "Wang"
"U0037/U0037_00027.png", "Pen", "Wang"
"U0037/U0037_00028.png", "GelPen", "Wang"
"U0037/U0037_00029.png", "GelPen", "Wang"
"U0037/U0037_00030.png", "GelPen", "Wang"
"U0037/U0037_00031.png", "Paintbrush", "Wang"
"U0037/U0037_00032.png", "Paintbrush", "Wang"
"U0037/U0037_00033.png", "Paintbrush", "Wang"
"U0037/U0037_00034.png", "Crayon", "Wang"
"U0037/U0037_00035.png", "Crayon", "Wang"
"U0037/U0037_00036.png", "Crayon", "Wang"
"U0037/U0037_00037.png", "Pigment", "Wang"
"U0037/U0037_00038.png", "Pigment", "Wang"
"U0037/U0037_00039.png", "Pigment", "Wang"
"U0037/U0037_00040.png", "WaterColorBrush", "Wang"
"U0037/U0037_00041.png", "WaterColorBrush", "Wang"
"U0037/U0037_00042.png", "WaterColorBrush", "Wang"
"U0038/U0038_00022.png", "Pencil", "Wang"
"U0038/U0038_00023.png", "Pencil", "Wang"
"U0038/U0038_00024.png", "Pencil", "Wang"
"U0038/U0038_00025.png", "Pen", "Wang"
"U0038/U0038_00026.png", "Pen", "Wang"
"U0038/U0038_00027.png", "Pen", "Wang"
"U0038/U0038_00028.png", "GelPen", "Wang"
"U0038/U0038_00029.png", "GelPen", "Wang"
"U0038/U0038_00030.png", "GelPen", "Wang"
"U0038/U0038_00031.png", "Paintbrush", "Wang"
"U0038/U0038_00032.png", "Paintbrush", "Wang"
"U0038/U0038_00033.png", "Paintbrush", "Wang"
"U0038/U0038_00034.png", "Crayon", "Wang"
"U0038/U0038_00035.png", "Crayon", "Wang"
"U0038/U0038_00036.png", "Crayon", "Wang"
"U0038/U0038_00037.png", "Pigment", "Wang"
"U0038/U0038_00038.png", "Pigment", "Wang"
"U0038/U0038_00039.png", "Pigment", "Wang"
"U0038/U0038_00040.png", "WaterColorBrush", "Wang"
"U0038/U0038_00041.png", "WaterColorBrush", "Wang"
"U0038/U0038_00042.png", "WaterColorBrush", "Wang"
"U0039/U0039_00022.png", "Pencil", "Wang"
"U0039/U0039_00023.png", "Pencil", "Wang"
"U0039/U0039_00024.png", "Pencil", "Wang"
"U0039/U0039_00025.png", "Pen", "Wang"
"U0039/U0039_00026.png", "Pen", "Wang"
"U0039/U0039_00027.png", "Pen", "Wang"
"U0039/U0039_00028.png", "GelPen", "Wang"
"U0039/U0039_00029.png", "GelPen", "Wang"
"U0039/U0039_00030.png", "GelPen", "Wang"
"U0039/U0039_00031.png", "Paintbrush", "Wang"
"U0039/U0039_00032.png", "Paintbrush", "Wang"
"U0039/U0039_00033.png", "Paintbrush", "Wang"
"U0039/U0039_00034.png", "Crayon", "Wang"
"U0039/U0039_00035.png", "Crayon", "Wang"
"U0039/U0039_00036.png", "Crayon", "Wang"
"U0039/U0039_00037.png", "Pigment", "Wang"
"U0039/U0039_00038.png", "Pigment", "Wang"
"U0039/U0039_00039.png", "Pigment", "Wang"
"U0039/U0039_00040.png", "WaterColorBrush", "Wang"
"U0039/U0039_00041.png", "WaterColorBrush", "Wang"
"U0039/U0039_00042.png", "WaterColorBrush", "Wang"
